INSERT INTO Users Values
  (default, 'Jinyang@uottawa.ca', 'Jinyang', 'Huang', 'aaa'),
  (default, 'Xuankai@uottawa.ca', 'Xuankai', 'Chen', 'bbb'),
  (default, 'Likai@uottawa.ca', 'Likai', 'Wang', 'ccc'),
  (default, 'Tyler@uottawa.ca', 'Tyler', 'Wilson', 'ddd'),
  (default,'Mark@uottawa.ca','Mark','Jason','database'),
  (default,'Lenoard@uottawa.ca','Leonard','Knox','lose'),
  (default,'Milo@algonquin.ca','Milo','Masson','erdigram'),
  (default,'Nigel@algonquin.ca','Nigel','Nevin','nopassword'),
  (default,'Adele@algonquin.ca','Adele','Bessemer','whoareyou'),
  (default,'Belinda@gmail.ca','Belinda','Raman','eee'),
  (default,'Keanu@gamil.ca','keanu','Reeves','youguess'),
  (default,'John@cartoon.ca','John','Barrowman','nomark'),
  (default,'Jean@cartoon.ca','Jeam','Mraz','pop'),
  (default,'Lily@cartoon.ca','Lily','Allem','noidea'),
  (default,'Anmir@outlook.ca','Anmir','Kham','fff'),
  (default,'Ianto@outlook.ca','Ianto','Jones','apple'),
  (default,'Susan@outlook.ca','Susan','Bayle','pen'),
  (default,'Sara@waterloo.ca','Sara','Bareilles','ggg'),
  (default,'Nicolas@waterloo.ca','Nicolas','Cage','finish'),
  (default,'Jean@waterloo.ca','jean','Mraz','fillmark'),
  (default,'Ahern@gamil.ca','Ahern','Ralap','nonumber'),
  (default,'Albert@gamil.ca','Albert','Reg','superkey'),
  (default,'Barry@gamil.ca','Barry','Tab','lowerkey'),
  (default,'Baron@gamil.ca','Baron','Thomas','slarge'),
  (default,'Corey@gamil.ca','Corey','Quinn','wodwod'),
  (default,'Cyril@gamil.ca','Cyril','Relap','zhzazha'),
  (default,'Carig@gamil.ca','Carig','Dean','sdbsdbus'),
  (default,'Duke@gamil.ca','Duke','David','sdhsd'),
  (default,'Dunn@gamil.ca','Dunn','Colbert','dhfhdfh'),
  (default,'Ron@gamil.ca','Ron','Colby','dbdfu'),
  (default,'Roty@gamil.ca','Roty','Carr','dfndif'),
  (default,'Tyler@gamil.ca','Tyler','Eric','weeihw'),
  (default,'Truman@gamil.ca','Truman','Eanest','oqowe'),
  (default,'Walker@gamil.ca','Walker','Elory','reset'),
  (default,'Wendell@gamil.ca','Wendell','Robin','resert'),
  (default,'York@gamil.ca','York','Rex','begin'),
  (default,'Ziv@gamil.ca','Ziv','Brook','jump'),
  (default,'Evan@gamil.ca','Evan','Camile','laptop'),
  (default,'Felix@gamil.ca','Felix','Brifgt','note'),
  (default,'Rachel@gamil.ca','Rachel','Candance','end');


INSERT INTO Program VALUES
  ('CSI','Engineering'),
  ('BIO','Science'),
  ('SEG','Engineering'),
  ('MAT','Science'),
  ('PHI','Art'),
  ('PSY','Art'),
  ('PHY','Engineering'),
  ('CEG','Engineering'),
  ('PED','Education'),
  ('ANP','HealthScience'),
  ('HSS','HealthScience'),
  ('GNG','Engineering'),
  ('MCG','Engineering');



INSERT INTO Student VALUES
  (1,'CSI', 3),
  (2,'CSI', 3),
  (3,'MAT',4),
  (4,'PSY',4),
  (5,'PED',1),
  (6,'HSS',5),
  (7,'ANP',3),
  (8,'CSI',3),
  (9,'MCG',6),
  (10,'GNG',5),
  (11,'PHI',4),
  (12,'SEG',4),
  (13,'MCG',5),
  (14,'MAT',4),
  (15,'ANP',6),
  (16,'CEG',4),
  (17,'PED',4),
  (18,'PHY',3),
  (19,'GNG',3),
  (20,'HSS',4);


INSERT INTO Admin VALUES
  (21,default),
  (22,default),
  (23,default),
  (24,default),
  (25,default),
  (26,default),
  (27,default),
  (28,default),
  (29,default),
  (30,default);


INSERT INTO Moderator VALUES
  (31,default),
  (32,default),
  (33,default),
  (34,default),
  (35,default),
  (36,default),
  (37,default),
  (38,default),
  (39,default),
  (40,default);

INSERT INTO Company VALUES
  ('Red 1 Engineering', 50, 'Ottawa', 'Red1.ca'),
  ('Blue 2 Science', 210, 'Toronto', 'Blue2.ca'),
  ('Fido',300,'Ottawa','fido.ca'),
  ('Rogers',400,'Waterloo','Rodwes.ca,'),
  ('IBM',151,'Ottawa','IBM.ca'),
  ('Ebay',316,'Tornoto','Ebay.ca'),
  ('Google',135,'Vancouver','Google.ca'),
  ('Pepsi',834,'Montreal','Pepsi.ca'),
  ('Playboy',230,'Montreal','Playbot.ca'),
  ('Yahoo',450,'Victoria','Yahoo.ca'),
  ('BestBuy',234,'Halifax','BestBuy.ca'),
  ('Apple',234,'Quebec City','Apple.ca'),
  ('Hertz',78,'Calgary','Hertz.ca'),
  ('Subway',245,'Waterloo','Subway.ca'),
  ('Nintend',345,'Halifax','Nintend.ca');

INSERT INTO jobPending VALUES
  (DEFAULT, 'Red 1 Engineering', 'Mechanical designer', 'blabla', 3, 2, 500, '04-03-2018', '04-05-2018'),
  (DEFAULT, 'Red 1 Engineering', 'Test engineer', 'clacla', 2, 10, 250, '04-03-2018', '04-05-2018'),
  (DEFAULT, 'Blue 2 Science', 'Electrician', 'deladela', 4, 1, 700, '04-03-2018', '04-04-2018'),
  (DEFAULT,'Subway','Seller','blabla',3,10,1000,'10-06-2018','11-06-2018'),
  (DEFAULT,'Hertz','Manager','clacla',2,5,2000,'10-06-2018','11-06-2018'),
  (DEFAULT,'Apple','Experience staf','deladela',1,100,300,'01-01-2018','05-01-2018'),
  (DEFAULT,'Apple','Manager','lalala',5,1,1500,'07-07-2018','07-09-2018'),
  (DEFAULT,'Yahoo','Mechanical designer','deladela',4,10,1000,'01-04-2018','05-02-2018'),
  (DEFAULT,'Playboy','Clothes designer','deladela',3,1,2000,'07-07-2018','09-07-2018'),
  (DEFAULT,'IBM','Test engineer','deladela',4,2,1500,'02-01-2018','03-03-2018'),
  (DEFAULT,'Pepsi','Seller','deladela',4,20,2000,'05-08-2018','06-09-2018'),
  (DEFAULT,'BestBuy','HR','deladela',1,4,3000,'03-09-2018','04-10-2018'),
  (DEFAULT,'Fido','Seller','deladela',2,30,1500,'08-10-2018','09-11-2018'),
  (DEFAULT,'Rogers','Player','deladela',3,2,1520,'12-03-2018','02-01-2019'),
  (DEFAULT,'Nintend','Electrician','deladela',2,10,2000,'03-04-2018','04-06-2018');




INSERT INTO Jobs VALUES
  (377, 'Red 1 Engineering', 'Mechanical designer', 'blabla', 3, 2, 500, '04-03-2018', '04-05-2018');

INSERT INTO Resume VALUES
  (123456, 1, 'http://blabla'),
  (123456, 2, 'http://alsdjf'),
  (934567, 3, 'http://dfj'),
  (345678, 4, 'http://dfjkd'),
  (000001, 5, 'http://eoro'),
  (223344, 6, 'http://djfjf'),
  (135246, 7, 'http://prkekr'),
  (737830, 8, 'http://iejw'),
  (131452, 9, 'http://djfdn'),
  (778866, 10, 'http://ejfjnf'),
  (999999, 11, 'http://wdif'),
  (949720, 12, 'http://wdjbwbd'),
  (000001, 13, 'http://dnfnoe'),
  (345789, 14, 'http://dbfbie'),
  (665566, 15, 'http://ewdhi'),
  (974452, 16, 'http://fheifhe'),
  (934567, 17, 'http://enrfei'),
  (348942, 18, 'http://wehofe'),
  (453853, 19, 'http://fnidefe'),
  (778866, 20, 'http://oefjejf'),
  (665566, 21, 'http://fhdifhdf'),
  (949720, 22, 'http://ehfe'),
  (345678, 23, 'http://fdf'),
  (974452, 24, 'http://efje'),
  (223344, 25, 'http://efef');


INSERT INTO ResumeReviewRequest VALUES
  (123456, 1),
  (123456, 2),
  (934567, 3),
  (345678, 4),
  (000001, 5),
  (223344, 6),
  (135246, 7),
  (737830, 8),
  (131452, 9),
  (778866, 10),
  (999999, 11),
  (949720, 12),
  (000001, 13),
  (345789, 14),
  (665566, 15),
  (974452, 16),
  (934567, 17),
  (348942, 18),
  (453853, 19),
  (778866, 20);


INSERT INTO ResumeReview VALUES
  (1, 123456, 1, 'Good'),
  (2, 123456, 2, 'Not well'),
  (3, 934567, 3, 'Nice'),
  (4, 345678, 4, 'Nice job'),
  (5, 000001, 5, 'too hard'),
  (6, 223344, 6, 'Nice'),
  (7, 135246, 7, 'Not too bad'),
  (8, 737830, 8, 'Can try'),
  (9, 131452, 9, 'Donot go'),
  (10, 778866, 10, 'Best job');

INSERT INTO Review VALUES
  (123456, 1, 'Red 1 Engineering', '01-05-2018', 'Mechanical designer', 'blabla', 4),
  (345678, 2, 'Red 1 Engineering', '01-06-2018', 'Test engineer', 'clacla', 3),
  (223344, 3, 'Blue 2 Science', '01-05-2018', 'Electrician', 'deladela', 4),
  (456789, 4, 'Subway', '10-11-2018', 'Seller', 'blabla', 3),
  (131452, 5, 'Hertz', '11-11-2018', 'Manager', 'clacla', 2),
  (135246, 6, 'Apple', '01-02-2018', 'Experience staf', 'deladela', 3),
  (000001, 7, 'Apple', '01-10-2018', 'Manager', 'lalala', 5),
  (665566, 8, 'Yahoo', '05-05-2018', 'Mechanical designer', 'deladela', 3),
  (778866, 9, 'Playboy', '01-09-2018', 'Clothes designer', 'deladela', 4),
  (974452, 10, 'IBM', '01-04-2018', 'Test engineer', 'deladela', 3),
  (346875, 11, 'Pepsi', '06-09-2018', 'Seller', 'deladela', 5),
  (348942, 12, 'BestBuy', '04-10-2018', 'HR', 'deladela', 3),
  (923478, 13, 'Fido', '10-11-2018', 'Seller', 'deladela', 4),
  (949720, 14, 'Rogers', '05-01-2019', 'Player', 'deladela', 3),
  (737830, 15, 'Nintend', '05-06-2018', 'Electrician', 'deladela', 4);


INSERT INTO Upvote VALUES
  (123456, 1),
  (999999, 2),
  (223344, 3),
  (456789, 4),
  (131452, 5),
  (135246, 6),
  (000001, 7),
  (665566, 8),
  (778866, 9),
  (974452, 10),
  (346875, 11),
  (348942, 12),
  (923478, 13),
  (949720, 14),
  (737830, 15);

INSERT INTO Apply VALUES
  (123456, 377),
  (123456, 123),
  (234567, 377),
  (234567, 123),
  (345678, 7),
  (345678, 345),
  (456789, 234),
  (456789, 1),
  (456789, 2),
  (223344, 34),
  (135246, 90),
  (135246, 1),
  (737830, 2),
  (131452, 377),
  (778866, 12),
  (778866, 8),
  (999999, 377),
  (999999, 123),
  (949720, 23),
  (949720, 1),
  (949720, 234),
  (000001, 377),
  (000001, 123),
  (345789, 12),
  (665566, 7),
  (665566, 345),
  (974452, 909),
  (974452, 349),
  (934567, 377),
  (934567, 123),
  (348942, 34),
  (348942, 53),
  (453853, 8),
  (923478, 377),
  (346875, 909),
  (346875, 123);


INSERT INTO Approve VALUES
  (1, 377),
  (2, 8),
  (3, 7),
  (4, 234),
  (5, 2),
  (6, 90),
  (7, 349),
  (8, 123),
  (9, 53),
  (10, 12);

INSERT INTO Job_for_program VALUES
  ('CSI', 377),
  ('SEG', 377),
  ('CEG', 377),
  ('GNG', 377),
  ('CSI', 123),
  ('SEG', 123),
  ('CEG', 123),
  ('GNG', 123),
  ('PHY', 8),
  ('MCG', 8),
  ('MAT', 7),
  ('BIO', 7),
  ('PHI', 234),
  ('PSY', 234),
  ('HSS', 234),
  ('PHI', 1),
  ('PSY', 1),
  ('HSS', 1),
  ('MAT', 345),
  ('BIO', 345),
  ('PSY', 2),
  ('ANP', 2),
  ('PSY', 349),
  ('ANP', 349),
  ('PED', 34),
  ('PED', 53),
  ('MAT', 53),
  ('ANP', 90),
  ('HSS', 90),
  ('PHY', 12),
  ('MCG', 12),
  ('PHI', 23),
  ('PSY', 23);

INSERT INTO Rate_Company VALUES
  (123456, 'Red 1 Engineering', 2),
  (234567, 'Red 1 Engineering', 5),
  (345678, 'Blue 2 Science', 3),
  (123456, 'Yahoo', 2),
  (234567, 'Fido', 3),
  (999999, 'Yahoo', 4),
  (456789, 'BestBuy', 2),
  (223344, 'Hertz', 2),
  (135246, 'Rogers', 5),
  (737830, 'Apple', 5),
  (131452, 'IBM', 2),
  (778866, 'Hertz', 2),
  (999999, 'Nintend', 5),
  (949720, 'Fido', 3),
  (000001, 'Rogers', 5),
  (345789, 'Subway', 3),
  (665566, 'IBM', 3),
  (974452, 'Pepsi', 4),
  (934567, 'Playboy', 5),
  (348942, 'Apple', 4),
  (453853, 'Playboy', 2),
  (923478, 'Subway', 3),
  (346875, 'Blue 2 Science', 4);

INSERT INTO Does VALUES
  (123456, 377),
  (234567, 123),
  (456789, 234),
  (223344, 34),
  (135246, 90),
  (135246, 1),
  (737830, 2),
  (131452, 377),
  (345678, 377),
  (949720, 234),
  (000001, 377),
  (345789, 12),
  (665566, 7),
  (974452, 349),
  (348942, 53),
  (453853, 8),
  (346875, 123);